id,value
Alphagov_23066786,
Demo Account_54516992,
Digital Marketplace_49258698,
GDS apps_220309926,
GOV_UK - Blogs_40442074,
www_gov_uk_26179049,
Alphagov_23066786.Campaigns platform sta_UA-23066786-2,
Alphagov_23066786.Campaigns platform tes_UA-23066786-1,
Alphagov_23066786.http://getsatisfaction_UA-23066786-3,
Alphagov_23066786.IDA Quantitative Research_UA-23066786-6,
Alphagov_23066786.IER Voter Registration_UA-23066786-5,
Demo Account_54516992.UA - Google Merchandis_UA-54516992-1,
Digital Marketplace_49258698.Admin App - Digital Ma_UA-49258698-7,
Digital Marketplace_49258698.Digital Marketplace GTM_UA-49258698-6,
GDS apps_220309926.No UA properties for account,
GOV_UK - Blogs_40442074.GOV_UK Blog Platform (_UA-40442074-5,
GOV_UK - Blogs_40442074.GOV_UK Blog Platform (_UA-40442074-1,
www_gov_uk_26179049.Accounts_UA-26179049-28,
www_gov_uk_26179049.API use (data sent via_UA-26179049-14,
www_gov_uk_26179049.Content Performance Ma_UA-26179049-12,
www_gov_uk_26179049.content-api_publishing_UA-26179049-13,
www_gov_uk_26179049.Gov_uk - Data Studio D_UA-26179049-24,
www_gov_uk_26179049.GOV_UK apps_UA-26179049-6,
www_gov_uk_26179049.GOV_UK Cookie banner test_UA-26179049-29,
www_gov_uk_26179049.Gov_uk Integration Env_UA-26179049-22,
www_gov_uk_26179049.Gov_uk Staging Environ_UA-26179049-20,
www_gov_uk_26179049.GOV_UK Status Page_UA-26179049-25,
www_gov_uk_26179049.GOV_UK Test property f_UA-26179049-31,
www_gov_uk_26179049.Government Frontend Co_UA-26179049-15,
www_gov_uk_26179049.Performance_service_go_UA-26179049-9,
www_gov_uk_26179049.TEMP >> DI Digital Ide_UA-26179049-30,
www_gov_uk_26179049.Transition Domains_UA-26179049-8,
www_gov_uk_26179049.Whitehall Admin (GA)_UA-26179049-5,
www_gov_uk_26179049.www_gov_uk_UA-26179049-1,
www_gov_uk_26179049.www_gov_uk - direct do_UA-26179049-7,
www_gov_uk_26179049.YouTube link test - in_UA-26179049-10,
Alphagov_23066786.Campaigns platform sta_UA-23066786-2.Campaigns platform tes_45426676,1
Alphagov_23066786.Campaigns platform tes_UA-23066786-1.alpha_gov_uk_45426675,1
Alphagov_23066786.Campaigns platform tes_UA-23066786-1.Ash - testing_73837276,1
Alphagov_23066786.Campaigns platform tes_UA-23066786-1.GDS campaigns testing _53265364,1
Alphagov_23066786.Campaigns platform tes_UA-23066786-1.IDA Test-1_73849518,1
Alphagov_23066786.http://getsatisfaction_UA-23066786-3.getsatisfaction_com/al_46280294,1
Alphagov_23066786.IDA Quantitative Research_UA-23066786-6.All site data (Unfilte_74666176,1
Alphagov_23066786.IDA Quantitative Research_UA-23066786-6.Ash testing (Filtered)_74810260,1
Alphagov_23066786.IDA Quantitative Research_UA-23066786-6.Filtered profile (IP a_74806807,1
Alphagov_23066786.IER Voter Registration_UA-23066786-5.cpc & referrals only_97411853,1
Alphagov_23066786.IER Voter Registration_UA-23066786-5.Electoral Commission R_135119842,1
Alphagov_23066786.IER Voter Registration_UA-23066786-5.English & Welsh_135127453,1
Alphagov_23066786.IER Voter Registration_UA-23066786-5.IER - Alphagov_co_uk_58451694,1
Alphagov_23066786.IER Voter Registration_UA-23066786-5.Preproduction/preview _179738603,1
Alphagov_23066786.IER Voter Registration_UA-23066786-5.Register to vote service_87155691,1
Alphagov_23066786.IER Voter Registration_UA-23066786-5.Test_98756165,1
Alphagov_23066786.IER Voter Registration_UA-23066786-5.Unfiltered View_88038056,1
Demo Account_54516992.UA - Google Merchandis_UA-54516992-1.1 Master View_92320289,1
Demo Account_54516992.UA - Google Merchandis_UA-54516992-1.2 Test View_92324711,1
Demo Account_54516992.UA - Google Merchandis_UA-54516992-1.3 Raw Data View_90822334,1
Digital Marketplace_49258698.Admin App - Digital Ma_UA-49258698-7.1_ DM Admin App - PROD_184204729,1
Digital Marketplace_49258698.Admin App - Digital Ma_UA-49258698-7.2_ DM Admin App - STAGING_184237620,1
Digital Marketplace_49258698.Admin App - Digital Ma_UA-49258698-7.3_ DM Admin App - PREVIEW_184216033,1
Digital Marketplace_49258698.Admin App - Digital Ma_UA-49258698-7.All Web Site Data_184209273,1
Digital Marketplace_49258698.Admin App - Digital Ma_UA-49258698-7.x_ 'Raw data' view_184422283,1
Digital Marketplace_49258698.Digital Marketplace GTM_UA-49258698-6.All Web Site Data_150650204,1
Digital Marketplace_49258698.Digital Marketplace GTM_UA-49258698-6.Digital Marketplace (L_152668145,1
GDS apps_220309926.No UA properties for account.No UA views for account,1
GOV_UK - Blogs_40442074.GOV_UK Blog Platform (_UA-40442074-5.All Web Site Data_72441306,1
GOV_UK - Blogs_40442074.GOV_UK Blog Platform (_UA-40442074-1.Test blog' subdomain_146427089,1
GOV_UK - Blogs_40442074.GOV_UK Blog Platform (_UA-40442074-1.1_ All Web Site (Defau_71795835,1
GOV_UK - Blogs_40442074.GOV_UK Blog Platform (_UA-40442074-1.1_ All Web Site (no Ho_71757949,1
GOV_UK - Blogs_40442074.GOV_UK Blog Platform (_UA-40442074-1.2_ '100 years, 100 wom_169725576,1
GOV_UK - Blogs_40442074.GOV_UK Blog Platform (_UA-40442074-1.2_ 'Accessibility' sub_122090942,1
GOV_UK - Blogs_40442074.GOV_UK Blog Platform (_UA-40442074-1.2_ 'ACE' subdomain_259464569,1
GOV_UK - Blogs_40442074.GOV_UK Blog Platform (_UA-40442074-1.2_ 'Actuaries in gover_204426312,1
GOV_UK - Blogs_40442074.GOV_UK Blog Platform (_UA-40442074-1.2_ 'Agri-Tech' subdomain_86316159,1
GOV_UK - Blogs_40442074.GOV_UK Blog Platform (_UA-40442074-1.2_ 'Animal and Plant H_115650355,1
GOV_UK - Blogs_40442074.GOV_UK Blog Platform (_UA-40442074-1.2_ 'Assisted Digital' _78205618,1
GOV_UK - Blogs_40442074.GOV_UK Blog Platform (_UA-40442074-1.2_ 'BEIS digital' subd_113858233,1
GOV_UK - Blogs_40442074.GOV_UK Blog Platform (_UA-40442074-1.2_ 'BEIS media' subdomain_125394498,1
GOV_UK - Blogs_40442074.GOV_UK Blog Platform (_UA-40442074-1.2_ 'BPDTS Insights' su_209501455,1
GOV_UK - Blogs_40442074.GOV_UK Blog Platform (_UA-40442074-1.2_ 'Brexit Facts' subd_185451004,1
GOV_UK - Blogs_40442074.GOV_UK Blog Platform (_UA-40442074-1.2_ 'Broadening our Boa_224120904,1
GOV_UK - Blogs_40442074.GOV_UK Blog Platform (_UA-40442074-1.2_ 'Broadening Our Boa_227410205,1
GOV_UK - Blogs_40442074.GOV_UK Blog Platform (_UA-40442074-1.2_ 'Building our Indus_174379290,1
GOV_UK - Blogs_40442074.GOV_UK Blog Platform (_UA-40442074-1.2_ 'Business Support' _215894248,1
GOV_UK - Blogs_40442074.GOV_UK Blog Platform (_UA-40442074-1.2_ 'Buying for Schools_250508012,1
GOV_UK - Blogs_40442074.GOV_UK Blog Platform (_UA-40442074-1.2_ 'Cabinet Office ana_87801786,1
GOV_UK - Blogs_40442074.GOV_UK Blog Platform (_UA-40442074-1.2_ 'Cabinet Office in _234202218,1
GOV_UK - Blogs_40442074.GOV_UK Blog Platform (_UA-40442074-1.2_ 'Cabinet Office Tec_77491533,1
GOV_UK - Blogs_40442074.GOV_UK Blog Platform (_UA-40442074-1.2_ 'CDDO' subdomain_240721388,1
GOV_UK - Blogs_40442074.GOV_UK Blog Platform (_UA-40442074-1.2_ 'Centre for Data Et_209317220,1
GOV_UK - Blogs_40442074.GOV_UK Blog Platform (_UA-40442074-1.2_ 'CESG Digital' subd_90605388,1
GOV_UK - Blogs_40442074.GOV_UK Blog Platform (_UA-40442074-1.2_ 'Charity Commission_115656760,1
GOV_UK - Blogs_40442074.GOV_UK Blog Platform (_UA-40442074-1.2_ 'Civil Service Fast_114436620,1
GOV_UK - Blogs_40442074.GOV_UK Blog Platform (_UA-40442074-1.2_ 'Civil Service fast_92219409,1
GOV_UK - Blogs_40442074.GOV_UK Blog Platform (_UA-40442074-1.2_ 'Civil Service Lear_114880551,1
GOV_UK - Blogs_40442074.GOV_UK Blog Platform (_UA-40442074-1.2_ 'Civil Service Loca_86072586,1
GOV_UK - Blogs_40442074.GOV_UK Blog Platform (_UA-40442074-1.2_ 'Civil service' sub_86362506,1
GOV_UK - Blogs_40442074.GOV_UK Blog Platform (_UA-40442074-1.2_ 'Commission for Cou_170631334,1
GOV_UK - Blogs_40442074.GOV_UK Blog Platform (_UA-40442074-1.2_ 'Community Interest_121398729,1
GOV_UK - Blogs_40442074.GOV_UK Blog Platform (_UA-40442074-1.2_ 'Companies House' s_92209825,1
GOV_UK - Blogs_40442074.GOV_UK Blog Platform (_UA-40442074-1.2_ 'Competition and Ma_87915986,1
GOV_UK - Blogs_40442074.GOV_UK Blog Platform (_UA-40442074-1.2_ 'Connecting to Pati_77305191,1
GOV_UK - Blogs_40442074.GOV_UK Blog Platform (_UA-40442074-1.2_ 'Cross-border growt_168075362,1
GOV_UK - Blogs_40442074.GOV_UK Blog Platform (_UA-40442074-1.2_ 'CSPL' subdomain_94463526,1
GOV_UK - Blogs_40442074.GOV_UK Blog Platform (_UA-40442074-1.2_ 'Data in government_78046334,1
GOV_UK - Blogs_40442074.GOV_UK Blog Platform (_UA-40442074-1.2_ 'Data' subdomain_77531012,1
GOV_UK - Blogs_40442074.GOV_UK Blog Platform (_UA-40442074-1.2_ 'DCMS libraries' su_84178088,1
GOV_UK - Blogs_40442074.GOV_UK Blog Platform (_UA-40442074-1.2_ 'DECC' subdomain_91775960,1
GOV_UK - Blogs_40442074.GOV_UK Blog Platform (_UA-40442074-1.2_ 'Defence Digital' s_206712864,1
GOV_UK - Blogs_40442074.GOV_UK Blog Platform (_UA-40442074-1.2_ 'Defence science' s_87914783,1
GOV_UK - Blogs_40442074.GOV_UK Blog Platform (_UA-40442074-1.2_ 'Defra digital' sub_94198711,1
GOV_UK - Blogs_40442074.GOV_UK Blog Platform (_UA-40442074-1.2_ 'Defra e-Sustainabi_202280789,1
GOV_UK - Blogs_40442074.GOV_UK Blog Platform (_UA-40442074-1.2_ 'Defra Farming' sub_227391311,1
GOV_UK - Blogs_40442074.GOV_UK Blog Platform (_UA-40442074-1.2_ 'Defra in the media_161259406,1
GOV_UK - Blogs_40442074.GOV_UK Blog Platform (_UA-40442074-1.2_ 'Delivering DWP tec_79940039,1
GOV_UK - Blogs_40442074.GOV_UK Blog Platform (_UA-40442074-1.2_ 'Department for Int_130578220,1
GOV_UK - Blogs_40442074.GOV_UK Blog Platform (_UA-40442074-1.2_ 'Department of Heal_94203007,1
GOV_UK - Blogs_40442074.GOV_UK Blog Platform (_UA-40442074-1.2_ 'Design 102' subdomain_75787164,1
GOV_UK - Blogs_40442074.GOV_UK Blog Platform (_UA-40442074-1.2_ 'Design notes' subd_79117194,1
GOV_UK - Blogs_40442074.GOV_UK Blog Platform (_UA-40442074-1.2_ 'Despatch' subdomain_80096110,1
GOV_UK - Blogs_40442074.GOV_UK Blog Platform (_UA-40442074-1.2_ 'Developing the NHS_95410512,1
GOV_UK - Blogs_40442074.GOV_UK Blog Platform (_UA-40442074-1.2_ 'Developments in ed_90630355,1
GOV_UK - Blogs_40442074.GOV_UK Blog Platform (_UA-40442074-1.2_ 'DfE Digital' subdo_156742085,1
GOV_UK - Blogs_40442074.GOV_UK Blog Platform (_UA-40442074-1.2_ 'DfID' subdomain_73937203,1
GOV_UK - Blogs_40442074.GOV_UK Blog Platform (_UA-40442074-1.2_ 'DfT digital' subdo_127647959,1
GOV_UK - Blogs_40442074.GOV_UK Blog Platform (_UA-40442074-1.2_ 'DHSC healthcare le_130488945,1
GOV_UK - Blogs_40442074.GOV_UK Blog Platform (_UA-40442074-1.2_ 'Digital health' su_86977608,1
GOV_UK - Blogs_40442074.GOV_UK Blog Platform (_UA-40442074-1.2_ 'Digital inclusion'_115478461,1
GOV_UK - Blogs_40442074.GOV_UK Blog Platform (_UA-40442074-1.2_ 'Digital marketplac_84596375,1
GOV_UK - Blogs_40442074.GOV_UK Blog Platform (_UA-40442074-1.2_ 'Digital people' su_94776080,1
GOV_UK - Blogs_40442074.GOV_UK Blog Platform (_UA-40442074-1.2_ 'Digital Skills Par_168562464,1
GOV_UK - Blogs_40442074.GOV_UK Blog Platform (_UA-40442074-1.2_ 'Digital trade' sub_79124389,1
GOV_UK - Blogs_40442074.GOV_UK Blog Platform (_UA-40442074-1.2_ 'Disability Unit' s_233706796,1
GOV_UK - Blogs_40442074.GOV_UK Blog Platform (_UA-40442074-1.2_ 'DLUHC Digital' sub_176746305,1
GOV_UK - Blogs_40442074.GOV_UK Blog Platform (_UA-40442074-1.2_ 'DLUHC in the Media_217516580,1
GOV_UK - Blogs_40442074.GOV_UK Blog Platform (_UA-40442074-1.2_ 'Dragons Den' subdo_88470503,1
GOV_UK - Blogs_40442074.GOV_UK Blog Platform (_UA-40442074-1.2_ 'DVLA digital' subd_73699758,1
GOV_UK - Blogs_40442074.GOV_UK Blog Platform (_UA-40442074-1.2_ 'DVSA digital' subd_134076139,1
GOV_UK - Blogs_40442074.GOV_UK Blog Platform (_UA-40442074-1.2_ 'DWP Digital' NEW s_135161544,1
GOV_UK - Blogs_40442074.GOV_UK Blog Platform (_UA-40442074-1.2_ 'DWP Digital' subdo_73923660,1
GOV_UK - Blogs_40442074.GOV_UK Blog Platform (_UA-40442074-1.2_ 'Education Hub' sub_121727147,1
GOV_UK - Blogs_40442074.GOV_UK Blog Platform (_UA-40442074-1.2_ 'Emergency manageme_130154594,1
GOV_UK - Blogs_40442074.GOV_UK Blog Platform (_UA-40442074-1.2_ 'Employment law' su_83932301,1
GOV_UK - Blogs_40442074.GOV_UK Blog Platform (_UA-40442074-1.2_ 'Environment Agency_77582953,1
GOV_UK - Blogs_40442074.GOV_UK Blog Platform (_UA-40442074-1.2_ 'EU Single Market' _78810982,1
GOV_UK - Blogs_40442074.GOV_UK Blog Platform (_UA-40442074-1.2_ 'Food' subdomain_221780131,1
GOV_UK - Blogs_40442074.GOV_UK Blog Platform (_UA-40442074-1.2_ 'Foresight projects_132192104,1
GOV_UK - Blogs_40442074.GOV_UK Blog Platform (_UA-40442074-1.2_ 'Forestry Commissio_195465858,1
GOV_UK - Blogs_40442074.GOV_UK Blog Platform (_UA-40442074-1.2_ 'Future of ageing' _92685875,1
GOV_UK - Blogs_40442074.GOV_UK Blog Platform (_UA-40442074-1.2_ 'Future of cities' _79201794,1
GOV_UK - Blogs_40442074.GOV_UK Blog Platform (_UA-40442074-1.2_ 'GDS digital engage_84106573,1
GOV_UK - Blogs_40442074.GOV_UK Blog Platform (_UA-40442074-1.2_ 'GDS technology' su_75781077,1
GOV_UK - Blogs_40442074.GOV_UK Blog Platform (_UA-40442074-1.2_ 'GDS' subdomain_80956096,1
GOV_UK - Blogs_40442074.GOV_UK Blog Platform (_UA-40442074-1.2_ 'GDS' subdomain INT_168294692,1
GOV_UK - Blogs_40442074.GOV_UK Blog Platform (_UA-40442074-1.2_ 'Geography' subdomain_226571572,1
GOV_UK - Blogs_40442074.GOV_UK Blog Platform (_UA-40442074-1.2_ 'Geospatial Commiss_200999874,1
GOV_UK - Blogs_40442074.GOV_UK Blog Platform (_UA-40442074-1.2_ 'GIAA' subdomain_238403097,1
GOV_UK - Blogs_40442074.GOV_UK Blog Platform (_UA-40442074-1.2_ 'GOV_UK blogs' subd_88172295,1
GOV_UK - Blogs_40442074.GOV_UK Blog Platform (_UA-40442074-1.2_ 'GOV_UK Verify' sub_76638109,1
GOV_UK - Blogs_40442074.GOV_UK Blog Platform (_UA-40442074-1.2_ 'Government as a Pl_87914189,1
GOV_UK - Blogs_40442074.GOV_UK Blog Platform (_UA-40442074-1.2_ 'Government data ar_173758046,1
GOV_UK - Blogs_40442074.GOV_UK Blog Platform (_UA-40442074-1.2_ 'Government Equalit_154891297,1
GOV_UK - Blogs_40442074.GOV_UK Blog Platform (_UA-40442074-1.2_ 'Government Grants _255925855,1
GOV_UK - Blogs_40442074.GOV_UK Blog Platform (_UA-40442074-1.2_ 'Government Science_126439916,1
GOV_UK - Blogs_40442074.GOV_UK Blog Platform (_UA-40442074-1.2_ 'Government technol_84283690,1
GOV_UK - Blogs_40442074.GOV_UK Blog Platform (_UA-40442074-1.2_ 'Government vets' s_134793384,1
GOV_UK - Blogs_40442074.GOV_UK Blog Platform (_UA-40442074-1.2_ 'Healthcare UK' sub_85407769,1
GOV_UK - Blogs_40442074.GOV_UK Blog Platform (_UA-40442074-1.2_ 'healthtech' subdomain_183487408,1
GOV_UK - Blogs_40442074.GOV_UK Blog Platform (_UA-40442074-1.2_ 'History' subdomain_71796240,1
GOV_UK - Blogs_40442074.GOV_UK Blog Platform (_UA-40442074-1.2_ 'HM Land Registry' _157916158,1
GOV_UK - Blogs_40442074.GOV_UK Blog Platform (_UA-40442074-1.2_ 'Home Office Digita_84105430,1
GOV_UK - Blogs_40442074.GOV_UK Blog Platform (_UA-40442074-1.2_ 'Home Office in the_134655981,1
GOV_UK - Blogs_40442074.GOV_UK Blog Platform (_UA-40442074-1.2_ 'Homes and communit_96072124,1
GOV_UK - Blogs_40442074.GOV_UK Blog Platform (_UA-40442074-1.2_ 'Import and export _114287528,1
GOV_UK - Blogs_40442074.GOV_UK Blog Platform (_UA-40442074-1.2_ 'Innovate UK' subdo_101687329,1
GOV_UK - Blogs_40442074.GOV_UK Blog Platform (_UA-40442074-1.2_ 'Inside DIO' subdomain_75227950,1
GOV_UK - Blogs_40442074.GOV_UK Blog Platform (_UA-40442074-1.2_ 'Inside DVLA' subdo_87916825,1
GOV_UK - Blogs_40442074.GOV_UK Blog Platform (_UA-40442074-1.2_ 'Inside Government'_73921887,1
GOV_UK - Blogs_40442074.GOV_UK Blog Platform (_UA-40442074-1.2_ 'Inside HMCTS' subd_101683209,1
GOV_UK - Blogs_40442074.GOV_UK Blog Platform (_UA-40442074-1.2_ 'Insolvency Service_202253160,1
GOV_UK - Blogs_40442074.GOV_UK Blog Platform (_UA-40442074-1.2_ 'Institute for Appr_153849408,1
GOV_UK - Blogs_40442074.GOV_UK Blog Platform (_UA-40442074-1.2_ 'Intellectual Prope_90994107,1
GOV_UK - Blogs_40442074.GOV_UK Blog Platform (_UA-40442074-1.2_ 'International Deve_153599943,1
GOV_UK - Blogs_40442074.GOV_UK Blog Platform (_UA-40442074-1.2_ 'IPA' subdomain_167576917,1
GOV_UK - Blogs_40442074.GOV_UK Blog Platform (_UA-40442074-1.2_ 'Jon Rouse' subdomain_73648430,1
GOV_UK - Blogs_40442074.GOV_UK Blog Platform (_UA-40442074-1.2_ 'Knowledge Asset' s_220436793,1
GOV_UK - Blogs_40442074.GOV_UK Blog Platform (_UA-40442074-1.2_ 'Legal aid' subdomain_195165280,1
GOV_UK - Blogs_40442074.GOV_UK Blog Platform (_UA-40442074-1.2_ 'Life at HMRC' subd_73930054,1
GOV_UK - Blogs_40442074.GOV_UK Blog Platform (_UA-40442074-1.2_ 'Love sea life' sub_79131219,1
GOV_UK - Blogs_40442074.GOV_UK Blog Platform (_UA-40442074-1.2_ 'Marine development_83989221,1
GOV_UK - Blogs_40442074.GOV_UK Blog Platform (_UA-40442074-1.2_ 'Marine Science' su_76942931,1
GOV_UK - Blogs_40442074.GOV_UK Blog Platform (_UA-40442074-1.2_ 'Matters of testing_73935315,1
GOV_UK - Blogs_40442074.GOV_UK Blog Platform (_UA-40442074-1.2_ 'Medicines and Heal_134509914,1
GOV_UK - Blogs_40442074.GOV_UK Blog Platform (_UA-40442074-1.2_ 'MHRA Inspectorate'_77766174,1
GOV_UK - Blogs_40442074.GOV_UK Blog Platform (_UA-40442074-1.2_ 'MOD Media Updates'_95082261,1
GOV_UK - Blogs_40442074.GOV_UK Blog Platform (_UA-40442074-1.2_ 'MOJ digital' subdo_89018102,1
GOV_UK - Blogs_40442074.GOV_UK Blog Platform (_UA-40442074-1.2_ 'Moving On' subdomain_78045848,1
GOV_UK - Blogs_40442074.GOV_UK Blog Platform (_UA-40442074-1.2_ 'National Minimum W_74807834,1
GOV_UK - Blogs_40442074.GOV_UK Blog Platform (_UA-40442074-1.2_ 'National Screening_78047421,1
GOV_UK - Blogs_40442074.GOV_UK Blog Platform (_UA-40442074-1.2_ 'Natural England' s_121725771,1
GOV_UK - Blogs_40442074.GOV_UK Blog Platform (_UA-40442074-1.2_ 'NCTL' subdomain_94777378,1
GOV_UK - Blogs_40442074.GOV_UK Blog Platform (_UA-40442074-1.2_ 'NHS choice and com_87023434,1
GOV_UK - Blogs_40442074.GOV_UK Blog Platform (_UA-40442074-1.2_ 'NHS cost recovery'_85467624,1
GOV_UK - Blogs_40442074.GOV_UK Blog Platform (_UA-40442074-1.2_ 'No 10 Media blog' _210587387,1
GOV_UK - Blogs_40442074.GOV_UK Blog Platform (_UA-40442074-1.2_ 'Nuclear Decommissi_77476437,1
GOV_UK - Blogs_40442074.GOV_UK Blog Platform (_UA-40442074-1.2_ 'Nurses, midwives a_115278550,1
GOV_UK - Blogs_40442074.GOV_UK Blog Platform (_UA-40442074-1.2_ 'Office of Financia_170649690,1
GOV_UK - Blogs_40442074.GOV_UK Blog Platform (_UA-40442074-1.2_ 'Office of the Publ_92691623,1
GOV_UK - Blogs_40442074.GOV_UK Blog Platform (_UA-40442074-1.2_ 'Ofqual' subdomain_94277392,1
GOV_UK - Blogs_40442074.GOV_UK Blog Platform (_UA-40442074-1.2_ 'Online Safety Data_243954941,1
GOV_UK - Blogs_40442074.GOV_UK Blog Platform (_UA-40442074-1.2_ 'Open Innovation' s_168548383,1
GOV_UK - Blogs_40442074.GOV_UK Blog Platform (_UA-40442074-1.2_ 'Operational Delive_253762514,1
GOV_UK - Blogs_40442074.GOV_UK Blog Platform (_UA-40442074-1.2_ 'Parents' subdomain_257404986,1
GOV_UK - Blogs_40442074.GOV_UK Blog Platform (_UA-40442074-1.2_ 'Pensions Latest' s_92690829,1
GOV_UK - Blogs_40442074.GOV_UK Blog Platform (_UA-40442074-1.2_ 'Planning Inspector_241519930,1
GOV_UK - Blogs_40442074.GOV_UK Blog Platform (_UA-40442074-1.2_ 'Policy lab' subdomain_86073156,1
GOV_UK - Blogs_40442074.GOV_UK Blog Platform (_UA-40442074-1.2_ 'Prison Leavers Pro_252087573,1
GOV_UK - Blogs_40442074.GOV_UK Blog Platform (_UA-40442074-1.2_ 'Public Policy Desi_244757517,1
GOV_UK - Blogs_40442074.GOV_UK Blog Platform (_UA-40442074-1.2_ 'Quarterly' subdomain_73646371,1
GOV_UK - Blogs_40442074.GOV_UK Blog Platform (_UA-40442074-1.2_ 'Reform' subdomain_220446176,1
GOV_UK - Blogs_40442074.GOV_UK Blog Platform (_UA-40442074-1.2_ 'Regulatory Policy _249389221,1
GOV_UK - Blogs_40442074.GOV_UK Blog Platform (_UA-40442074-1.2_ 'Rural payments' su_85475153,1
GOV_UK - Blogs_40442074.GOV_UK Blog Platform (_UA-40442074-1.2_ 'Security professio_86886206,1
GOV_UK - Blogs_40442074.GOV_UK Blog Platform (_UA-40442074-1.2_ 'Services in govern_204734863,1
GOV_UK - Blogs_40442074.GOV_UK Blog Platform (_UA-40442074-1.2_ 'SFA Digital' subdo_74811376,1
GOV_UK - Blogs_40442074.GOV_UK Blog Platform (_UA-40442074-1.2_ 'Shared Services' s_177822824,1
GOV_UK - Blogs_40442074.GOV_UK Blog Platform (_UA-40442074-1.2_ 'SMCP commission' s_73703046,1
GOV_UK - Blogs_40442074.GOV_UK Blog Platform (_UA-40442074-1.2_ 'Social care inspec_135803027,1
GOV_UK - Blogs_40442074.GOV_UK Blog Platform (_UA-40442074-1.2_ 'Social care' subdo_73703937,1
GOV_UK - Blogs_40442074.GOV_UK Blog Platform (_UA-40442074-1.2_ 'Social Mobility Co_246390470,1
GOV_UK - Blogs_40442074.GOV_UK Blog Platform (_UA-40442074-1.2_ 'Social Security Ad_164898511,1
GOV_UK - Blogs_40442074.GOV_UK Blog Platform (_UA-40442074-1.2_ 'Social work with a_80990753,1
GOV_UK - Blogs_40442074.GOV_UK Blog Platform (_UA-40442074-1.2_ 'Social work with c_203216542,1
GOV_UK - Blogs_40442074.GOV_UK Blog Platform (_UA-40442074-1.2_ 'Space' subdomain_92182230,1
GOV_UK - Blogs_40442074.GOV_UK Blog Platform (_UA-40442074-1.2_ 'Strat Command' sub_228026425,1
GOV_UK - Blogs_40442074.GOV_UK Blog Platform (_UA-40442074-1.2_ 'Supporting Familie_157961703,1
GOV_UK - Blogs_40442074.GOV_UK Blog Platform (_UA-40442074-1.2_ 'Systems thinking' _208214903,1
GOV_UK - Blogs_40442074.GOV_UK Blog Platform (_UA-40442074-1.2_ 'Tax agents' subdomain_79131411,1
GOV_UK - Blogs_40442074.GOV_UK Blog Platform (_UA-40442074-1.2_ 'Teaching' subdomain_85467818,1
GOV_UK - Blogs_40442074.GOV_UK Blog Platform (_UA-40442074-1.2_ 'Technology in gove_195389375,1
GOV_UK - Blogs_40442074.GOV_UK Blog Platform (_UA-40442074-1.2_ 'Test blog' subdomain_142807666,1
GOV_UK - Blogs_40442074.GOV_UK Blog Platform (_UA-40442074-1.2_ 'The Queen's Awards_73931570,1
GOV_UK - Blogs_40442074.GOV_UK Blog Platform (_UA-40442074-1.2_ 'Trade Remedies' su_260878744,1
GOV_UK - Blogs_40442074.GOV_UK Blog Platform (_UA-40442074-1.2_ 'Transforming toget_118983078,1
GOV_UK - Blogs_40442074.GOV_UK Blog Platform (_UA-40442074-1.2_ 'UK Commission for _96018048,1
GOV_UK - Blogs_40442074.GOV_UK Blog Platform (_UA-40442074-1.2_ 'UK Export Finance'_141571646,1
GOV_UK - Blogs_40442074.GOV_UK Blog Platform (_UA-40442074-1.2_ 'UK Health Security_76431968,1
GOV_UK - Blogs_40442074.GOV_UK Blog Platform (_UA-40442074-1.2_ 'UK National Screen_242749506,1
GOV_UK - Blogs_40442074.GOV_UK Blog Platform (_UA-40442074-1.2_ 'UKTI' subdomain_86954299,1
GOV_UK - Blogs_40442074.GOV_UK Blog Platform (_UA-40442074-1.2_ 'User research' sub_87009326,1
GOV_UK - Blogs_40442074.GOV_UK Blog Platform (_UA-40442074-1.2_ 'Valuation Office A_170952946,1
GOV_UK - Blogs_40442074.GOV_UK Blog Platform (_UA-40442074-1.2_ 'Veterans Today' su_118160259,1
GOV_UK - Blogs_40442074.GOV_UK Blog Platform (_UA-40442074-1.2_ 'Veterinary Medicin_262193343,1
GOV_UK - Blogs_40442074.GOV_UK Blog Platform (_UA-40442074-1.2_ 'Video surveillance_116843179,1
GOV_UK - Blogs_40442074.GOV_UK Blog Platform (_UA-40442074-1.2_ 'Viv Bennett' subdo_80989065,1
GOV_UK - Blogs_40442074.GOV_UK Blog Platform (_UA-40442074-1.2_ 'What works' subdomain_174413398,1
GOV_UK - Blogs_40442074.GOV_UK Blog Platform (_UA-40442074-1.2_ 'Working in the Pri_165316422,1
GOV_UK - Blogs_40442074.GOV_UK Blog Platform (_UA-40442074-1.2_ ‘GFiE’ subdomain_212844607,1
GOV_UK - Blogs_40442074.GOV_UK Blog Platform (_UA-40442074-1.2_ ‘UKHO’ subdomain_180015084,1
GOV_UK - Blogs_40442074.GOV_UK Blog Platform (_UA-40442074-1.All Web Site (UNFILTERED)_71798420,1
GOV_UK - Blogs_40442074.GOV_UK Blog Platform (_UA-40442074-1.Benji - All Web Site_89834801,1
GOV_UK - Blogs_40442074.GOV_UK Blog Platform (_UA-40442074-1.Template blog_240809240,1
GOV_UK - Blogs_40442074.GOV_UK Blog Platform (_UA-40442074-1.X_ All Web Site (Defau_71865943,1
GOV_UK - Blogs_40442074.GOV_UK Blog Platform (_UA-40442074-1.X_ All Web Site (no Ho_71796233,1
GOV_UK - Blogs_40442074.GOV_UK Blog Platform (_UA-40442074-1.X_ All Web Site (UNFIL_71777199,1
GOV_UK - Blogs_40442074.GOV_UK Blog Platform (_UA-40442074-1.X_ Copy of 2_ 'History_74665694,1
www_gov_uk_26179049.Accounts_UA-26179049-28.All Web Site Data_232024396,1
www_gov_uk_26179049.API use (data sent via_UA-26179049-14.1_ API All web site data_159879322,1
www_gov_uk_26179049.API use (data sent via_UA-26179049-14.Unfiltered view DO NOT_159847846,1
www_gov_uk_26179049.Content Performance Ma_UA-26179049-12.CPM_ All Web Site Data_156086828,1
www_gov_uk_26179049.Content Performance Ma_UA-26179049-12.CPM_ Integration_159490697,1
www_gov_uk_26179049.Content Performance Ma_UA-26179049-12.CPM_ Production_159505853,1
www_gov_uk_26179049.Content Performance Ma_UA-26179049-12.CPM_ Staging_159486809,1
www_gov_uk_26179049.Content Performance Ma_UA-26179049-12.Unfiltered View DO NOT_156077959,1
www_gov_uk_26179049.content-api_publishing_UA-26179049-13.1_ API Docs All web si_159862707,1
www_gov_uk_26179049.content-api_publishing_UA-26179049-13.Unfiltered view DO NOT_159880044,1
www_gov_uk_26179049.Gov_uk - Data Studio D_UA-26179049-24.GDS - All Dashboards_173465512,1
www_gov_uk_26179049.Gov_uk - Data Studio D_UA-26179049-24.GOV_UK Main Dashboard_173438761,1
www_gov_uk_26179049.Gov_uk - Data Studio D_UA-26179049-24.GOV_UK Overview_173669026,1
www_gov_uk_26179049.Gov_uk - Data Studio D_UA-26179049-24.GOV_UK Product Health _173481371,1
www_gov_uk_26179049.Gov_uk - Data Studio D_UA-26179049-24.GOV_UK Yes / No Survey_173420339,1
www_gov_uk_26179049.Gov_uk - Data Studio D_UA-26179049-24.iForms – Datastudio_173569315,1
www_gov_uk_26179049.GOV_UK apps_UA-26179049-6.All apps (filtered - o_110042000,1
www_gov_uk_26179049.GOV_UK apps_UA-26179049-6.All apps (unfiltered)_86065982,1
www_gov_uk_26179049.GOV_UK apps_UA-26179049-6.Collections Publisher_110277823,1
www_gov_uk_26179049.GOV_UK apps_UA-26179049-6.Contacts_95715727,1
www_gov_uk_26179049.GOV_UK apps_UA-26179049-6.Content-performance-ma_140408150,1
www_gov_uk_26179049.GOV_UK apps_UA-26179049-6.GOV_UK Support_108947850,1
www_gov_uk_26179049.GOV_UK apps_UA-26179049-6.Imminence Publisher_110252395,1
www_gov_uk_26179049.GOV_UK apps_UA-26179049-6.Local links manager_130286060,1
www_gov_uk_26179049.GOV_UK apps_UA-26179049-6.Maslow_86253526,1
www_gov_uk_26179049.GOV_UK apps_UA-26179049-6.Panopticon_86255123,1
www_gov_uk_26179049.GOV_UK apps_UA-26179049-6.Publisher_86252056,1
www_gov_uk_26179049.GOV_UK apps_UA-26179049-6.Release_110260781,1
www_gov_uk_26179049.GOV_UK apps_UA-26179049-6.Search Publisher_110280209,1
www_gov_uk_26179049.GOV_UK apps_UA-26179049-6.Signon_86262085,1
www_gov_uk_26179049.GOV_UK apps_UA-26179049-6.Specialist publisher_95705456,1
www_gov_uk_26179049.GOV_UK apps_UA-26179049-6.Transition_110264652,1
www_gov_uk_26179049.GOV_UK apps_UA-26179049-6.Travel advice publisher_86249385,1
www_gov_uk_26179049.GOV_UK apps_UA-26179049-6.Whitehall Publisher_86186851,1
www_gov_uk_26179049.GOV_UK Cookie banner test_UA-26179049-29.Cookie Banner Test All_232652219,1
www_gov_uk_26179049.Gov_uk Integration Env_UA-26179049-22.GOV_UK Integration - B_185409407,1
www_gov_uk_26179049.Gov_uk Integration Env_UA-26179049-22.GOV_UK Integration - M_173362183,1
www_gov_uk_26179049.Gov_uk Integration Env_UA-26179049-22.GOV_UK Integration - R_185141187,1
www_gov_uk_26179049.Gov_uk Staging Environ_UA-26179049-20.GOV_UK Staging - Main _171905337,1
www_gov_uk_26179049.Gov_uk Staging Environ_UA-26179049-20.GOV_UK Staging - Raw Data_185119515,1
www_gov_uk_26179049.GOV_UK Status Page_UA-26179049-25.All Web Site Data_176289011,1
www_gov_uk_26179049.GOV_UK Test property f_UA-26179049-31.Raw data do NOT filter_258652685,1
www_gov_uk_26179049.Government Frontend Co_UA-26179049-15.Main view_160335849,1
www_gov_uk_26179049.Government Frontend Co_UA-26179049-15.Unfiltered view_160310444,1
www_gov_uk_26179049.Performance_service_go_UA-26179049-9.All Web Site Data (Unf_94199166,1
www_gov_uk_26179049.Performance_service_go_UA-26179049-9.Reporting View (Filtered)_94339975,1
www_gov_uk_26179049.TEMP >> DI Digital Ide_UA-26179049-30.All Web Site Data_253719054,1
www_gov_uk_26179049.Transition Domains_UA-26179049-8.All Web Site Data_93717734,1
www_gov_uk_26179049.Transition Domains_UA-26179049-8.Ash test View 1_94146379,1
www_gov_uk_26179049.Transition Domains_UA-26179049-8.Ash test View 2_94149440,1
www_gov_uk_26179049.Transition Domains_UA-26179049-8.Reporting (by Hostname)_93718631,1
www_gov_uk_26179049.Whitehall Admin (GA)_UA-26179049-5.All Web Site Data_72476558,1
www_gov_uk_26179049.www_gov_uk_UA-26179049-1.1a_ GOV_UK - Main Profile_53872948,1
www_gov_uk_26179049.www_gov_uk_UA-26179049-1.1b_ GOV_UK - Back Up_98416905,1
www_gov_uk_26179049.www_gov_uk_UA-26179049-1.1d_ GOV_UK - Big Query_87773428,1
www_gov_uk_26179049.www_gov_uk_UA-26179049-1.1d_ GOV_UK - Raw Data_53455869,1
www_gov_uk_26179049.www_gov_uk_UA-26179049-1.1e_ GOV_UK - Test Profile_171902296,1
www_gov_uk_26179049.www_gov_uk_UA-26179049-1.2_ Depts and policy - ALL_53699180,1
www_gov_uk_26179049.www_gov_uk_UA-26179049-1.2_ Depts and policy - _103260216,1
www_gov_uk_26179049.www_gov_uk_UA-26179049-1.2_ Depts and policy - _53913236,1
www_gov_uk_26179049.www_gov_uk_UA-26179049-1.3_ GOV_UK - 'Browse' _64754111,1
www_gov_uk_26179049.www_gov_uk_UA-26179049-1.3_ GOV_UK - 'Taxon' na_142270502,1
www_gov_uk_26179049.www_gov_uk_UA-26179049-1.3_ GOV_UK - 'Topic' na_104815975,1
www_gov_uk_26179049.www_gov_uk_UA-26179049-1.3_ GOV_UK homepage only_54917185,1
www_gov_uk_26179049.www_gov_uk_UA-26179049-1.3_ Site search pages o_54919206,1
www_gov_uk_26179049.www_gov_uk_UA-26179049-1.3_ Tour page_64321690,1
www_gov_uk_26179049.www_gov_uk_UA-26179049-1.4_ Guidance section_92127738,1
www_gov_uk_26179049.www_gov_uk_UA-26179049-1.4_ Licence finder_64147777,1
www_gov_uk_26179049.www_gov_uk_UA-26179049-1.4_ Performance Platfor_62933120,1
www_gov_uk_26179049.www_gov_uk_UA-26179049-1.4_ Performance Platfor_86470160,1
www_gov_uk_26179049.www_gov_uk_UA-26179049-1.4_ Performance Platfor_71349169,1
www_gov_uk_26179049.www_gov_uk_UA-26179049-1.4_ Performance Platfor_76436954,1
www_gov_uk_26179049.www_gov_uk_UA-26179049-1.4_ Service Manual_70133363,1
www_gov_uk_26179049.www_gov_uk_UA-26179049-1.4_ Service Manual (Tes_163411568,1
www_gov_uk_26179049.www_gov_uk_UA-26179049-1.4_ Trade Tariff_62865361,1
www_gov_uk_26179049.www_gov_uk_UA-26179049-1.6_ Single Domain (Enti_51337955,1
www_gov_uk_26179049.www_gov_uk_UA-26179049-1.6a_ Classic - [for who_97157559,1
www_gov_uk_26179049.www_gov_uk_UA-26179049-1.7_ Content Team A/B Te_125636556,1
www_gov_uk_26179049.www_gov_uk_UA-26179049-1.7_ Content Team Report_125660781,1
www_gov_uk_26179049.www_gov_uk_UA-26179049-1.8_ Service Standard Re_172905803,1
www_gov_uk_26179049.www_gov_uk_UA-26179049-1.C_ Campaign (Defra) - _103259051,1
www_gov_uk_26179049.www_gov_uk_UA-26179049-1.C_ Campaign (DWP) - Pe_76210755,1
www_gov_uk_26179049.www_gov_uk_UA-26179049-1.C_ Campaign (DWP) - Un_102352007,1
www_gov_uk_26179049.www_gov_uk_UA-26179049-1.C_ Campaign (EA) - Fis_68077470,1
www_gov_uk_26179049.www_gov_uk_UA-26179049-1.C_ Campaign (EA) - Flo_68117780,1
www_gov_uk_26179049.www_gov_uk_UA-26179049-1.C_ Campaign (HMRC) - _93238552,1
www_gov_uk_26179049.www_gov_uk_UA-26179049-1.C_ Campaign (HMRC) - _73657802,1
www_gov_uk_26179049.www_gov_uk_UA-26179049-1.C_ Campaign (HMRC) - _79933336,1
www_gov_uk_26179049.www_gov_uk_UA-26179049-1.C_ Campaign (HMRC) - _110111818,1
www_gov_uk_26179049.www_gov_uk_UA-26179049-1.C_ Campaign (HMT/HMRC)_82050233,1
www_gov_uk_26179049.www_gov_uk_UA-26179049-1.C_ Campaign (HO) - Mar_80382234,1
www_gov_uk_26179049.www_gov_uk_UA-26179049-1.C_ Campaign (HO) - Pas_73096163,1
www_gov_uk_26179049.www_gov_uk_UA-26179049-1.C_ Campaign (Ofqual) -_86364256,1
www_gov_uk_26179049.www_gov_uk_UA-26179049-1.C_ Campaign - Brexit (_187277039,1
www_gov_uk_26179049.www_gov_uk_UA-26179049-1.C_ Campaign - Brexit (_185456480,1
www_gov_uk_26179049.www_gov_uk_UA-26179049-1.C_ Campaign - Brexit-t_185461735,1
www_gov_uk_26179049.www_gov_uk_UA-26179049-1.C_ Campaigns (SLC) - S_79569800,1
www_gov_uk_26179049.www_gov_uk_UA-26179049-1.C_ CMA cases (finder)_91907880,1
www_gov_uk_26179049.www_gov_uk_UA-26179049-1.C_ Drive to learn step_91107150,1
www_gov_uk_26179049.www_gov_uk_UA-26179049-1.C_ Email funnels (>9-2_68291602,1
www_gov_uk_26179049.www_gov_uk_UA-26179049-1.D_ Digital Identity an_253720352,1
www_gov_uk_26179049.www_gov_uk_UA-26179049-1.D_ Digital Identity an_253713790,1
www_gov_uk_26179049.www_gov_uk_UA-26179049-1.GDS internal wiki_90372008,1
www_gov_uk_26179049.www_gov_uk_UA-26179049-1.Highway Code Manual (1_150620359,1
www_gov_uk_26179049.www_gov_uk_UA-26179049-1.Immigration Rules Manu_143297632,1
www_gov_uk_26179049.www_gov_uk_UA-26179049-1.P_ GOV_UK Performance _56580952,1
www_gov_uk_26179049.www_gov_uk_UA-26179049-1.Q_ Entire site - A/B t_85416860,1
www_gov_uk_26179049.www_gov_uk_UA-26179049-1.Q_ GOV_UK (DaP Unsampl_74473500,1
www_gov_uk_26179049.www_gov_uk_UA-26179049-1.Q_ Site search (entire_56562468,1
www_gov_uk_26179049.www_gov_uk_UA-26179049-1.Q_ Site search terms a_80213183,1
www_gov_uk_26179049.www_gov_uk_UA-26179049-1.V_ Detailed guidance (_62888377,1
www_gov_uk_26179049.www_gov_uk_UA-26179049-1.V_ GOV_UK 404 pages_81430269,1
www_gov_uk_26179049.www_gov_uk_UA-26179049-1.V_ Inside Government -_79563920,1
www_gov_uk_26179049.www_gov_uk_UA-26179049-1.V_ Inside Government -_56583528,1
www_gov_uk_26179049.www_gov_uk_UA-26179049-1.V_ Licence finder (bac_64388093,1
www_gov_uk_26179049.www_gov_uk_UA-26179049-1.V_ Service Manual TEM_141594765,1
www_gov_uk_26179049.www_gov_uk_UA-26179049-1.V_ Service Manual (sea_72483429,1
www_gov_uk_26179049.www_gov_uk_UA-26179049-1.V_ Trade Tariff (back-_62884683,1
www_gov_uk_26179049.www_gov_uk_UA-26179049-1.X_ Accounts Digital Id_257966837,1
www_gov_uk_26179049.www_gov_uk_UA-26179049-1.X_ Brexit Checker & GO_201691037,1
www_gov_uk_26179049.www_gov_uk_UA-26179049-1.X_ Brexit Checker only_201560828,1
www_gov_uk_26179049.www_gov_uk_UA-26179049-1.X_ Brexit LP and Child_90236435,1
www_gov_uk_26179049.www_gov_uk_UA-26179049-1.X_ Brexit LP, Child pa_201118402,1
www_gov_uk_26179049.www_gov_uk_UA-26179049-1.X_ Brexit pages_234976735,1
www_gov_uk_26179049.www_gov_uk_UA-26179049-1.X_ CR Content_102637111,1
www_gov_uk_26179049.www_gov_uk_UA-26179049-1.X_ CS_ Green team_210660125,1
www_gov_uk_26179049.www_gov_uk_UA-26179049-1.X_ JB Finders no searc_94977003,1
www_gov_uk_26179049.www_gov_uk_UA-26179049-1.X_ JB Finders queries _94912813,1
www_gov_uk_26179049.www_gov_uk_UA-26179049-1.X_ JB Single Domain SA_70485264,1
www_gov_uk_26179049.www_gov_uk_UA-26179049-1.X_ JB Smart Answer Hig_69273150,1
www_gov_uk_26179049.www_gov_uk_UA-26179049-1.X_ JB SPL Cont__70491178,1
www_gov_uk_26179049.www_gov_uk_UA-26179049-1.X_ JB_ Apply State Pen_70876819,1
www_gov_uk_26179049.www_gov_uk_UA-26179049-1.X_ JB_ Energy grants c_70874529,1
www_gov_uk_26179049.www_gov_uk_UA-26179049-1.X_ JB_ Inside Governme_71166680,1
www_gov_uk_26179049.www_gov_uk_UA-26179049-1.X_ JB_ SPL - Journeys _70569796,1
www_gov_uk_26179049.www_gov_uk_UA-26179049-1.X_ JB_ SPL Birth_82615864,1
www_gov_uk_26179049.www_gov_uk_UA-26179049-1.X_ PC GOV_UK SSRO IP _104246648,1
www_gov_uk_26179049.www_gov_uk_UA-26179049-1.X_ PC GOV_UK DWP IP ad_89651164,1
www_gov_uk_26179049.www_gov_uk_UA-26179049-1.X_ PC GOV_UK LandReg I_129173321,1
www_gov_uk_26179049.www_gov_uk_UA-26179049-1.X_ PC GOV_UK MoJ IP ad_103263678,1
www_gov_uk_26179049.www_gov_uk_UA-26179049-1.X_ PC Heroku apps_160415037,1
www_gov_uk_26179049.www_gov_uk_UA-26179049-1.X_ PC URL email addres_89225597,1
www_gov_uk_26179049.www_gov_uk_UA-26179049-1.X_ACh DM content on GO_151416678,1
www_gov_uk_26179049.www_gov_uk_UA-26179049-1.X_ACh_ Business corona_234757122,1
www_gov_uk_26179049.www_gov_uk_UA-26179049-1.X_ACh_ Coronavirus - A_234943007,1
www_gov_uk_26179049.www_gov_uk_UA-26179049-1.X_ACh_ Coronavirus - F_236615482,1
www_gov_uk_26179049.www_gov_uk_UA-26179049-1.X_ACh_ Coronavirus Lan_201240594,1
www_gov_uk_26179049.www_gov_uk_UA-26179049-1.X_ACh_ DaP Grouping (D_90485460,1
www_gov_uk_26179049.www_gov_uk_UA-26179049-1.X_ACh_ DaP Grouping (D_79133510,1
www_gov_uk_26179049.www_gov_uk_UA-26179049-1.X_ACh_ Find Coronaviru_234161799,1
www_gov_uk_26179049.www_gov_uk_UA-26179049-1.X_ACh_ GDS usage_93442810,1
www_gov_uk_26179049.www_gov_uk_UA-26179049-1.X_ACh_ Get coronavirus_234868770,1
www_gov_uk_26179049.www_gov_uk_UA-26179049-1.X_ACh_ GOV_UK (/overvi_63466418,1
www_gov_uk_26179049.www_gov_uk_UA-26179049-1.X_ACh_ GOV_UK (1) [Ref_67465768,1
www_gov_uk_26179049.www_gov_uk_UA-26179049-1.X_ACh_ GOV_UK (2) [Tit_67532036,1
www_gov_uk_26179049.www_gov_uk_UA-26179049-1.X_ACh_ GOV_UK (3) [Ful_70566053,1
www_gov_uk_26179049.www_gov_uk_UA-26179049-1.X_ACh_ GOV_UK (4) [Int_72575026,1
www_gov_uk_26179049.www_gov_uk_UA-26179049-1.X_ACh_ GOV_UK (5) [Dat_93503544,1
www_gov_uk_26179049.www_gov_uk_UA-26179049-1.X_ACh_ GOV_UK (Brexit CD)_62099910,1
www_gov_uk_26179049.www_gov_uk_UA-26179049-1.X_ACh_ GOV_UK (Entire _80386536,1
www_gov_uk_26179049.www_gov_uk_UA-26179049-1.X_ACh_ GOV_UK (Entire _64392641,1
www_gov_uk_26179049.www_gov_uk_UA-26179049-1.X_Brexit Landing page _204213618,1
www_gov_uk_26179049.www_gov_uk_UA-26179049-1.X_Brexit Results page _201673826,1
www_gov_uk_26179049.www_gov_uk_UA-26179049-1.X_JW_ GOV_UK [Exemplars]_100140505,1
www_gov_uk_26179049.www_gov_uk_UA-26179049-1.X_TS_ Education naviga_142225751,1
www_gov_uk_26179049.www_gov_uk_UA-26179049-1.X_TS_ Education naviga_142267609,1
www_gov_uk_26179049.www_gov_uk_UA-26179049-1.X_TS_ Site search - or_86843680,1
www_gov_uk_26179049.www_gov_uk_UA-26179049-1.X_TS_ Site search - pa_89989775,1
www_gov_uk_26179049.www_gov_uk_UA-26179049-1.X_TS_ Site search - pa_89932976,1
www_gov_uk_26179049.www_gov_uk_UA-26179049-1.X_TS_ Site search - re_238354967,1
www_gov_uk_26179049.www_gov_uk_UA-26179049-1.X_TS_ Site search - sp_101876918,1
www_gov_uk_26179049.www_gov_uk_UA-26179049-1.Z_ Dev and Heroku_79563201,1
www_gov_uk_26179049.www_gov_uk_UA-26179049-1.Z_ GOV_UK and planforb_143014125,1
www_gov_uk_26179049.www_gov_uk_UA-26179049-1.Z_ Planforbritain (Ent_143010741,1
www_gov_uk_26179049.www_gov_uk_UA-26179049-1.Z_ Planforbritain (UNF_143052412,1
www_gov_uk_26179049.www_gov_uk - direct do_UA-26179049-7.UA - 1_ GOV_UK (Entire_89436128,1
www_gov_uk_26179049.www_gov_uk - direct do_UA-26179049-7.UA - 1_ GOV_UK (Entire_96076611,1
www_gov_uk_26179049.www_gov_uk - direct do_UA-26179049-7.UA - 2_ Depts and poli_89492346,1
www_gov_uk_26179049.www_gov_uk - direct do_UA-26179049-7.UA - 4_ Trade Tariff_89492454,1
www_gov_uk_26179049.www_gov_uk - direct do_UA-26179049-7.UA - [excl_ Bots] 6_ S_89656810,1
www_gov_uk_26179049.www_gov_uk - direct do_UA-26179049-7.UA - [incl_ Bots] 6_ S_89657208,1
www_gov_uk_26179049.www_gov_uk - direct do_UA-26179049-7.UA - ACC MHRA finder_99983954,1
www_gov_uk_26179049.www_gov_uk - direct do_UA-26179049-7.UA - GOV_UK site hostn_97156078,1
www_gov_uk_26179049.www_gov_uk - direct do_UA-26179049-7.UA - Preview environment_98410579,1
www_gov_uk_26179049.www_gov_uk - direct do_UA-26179049-7.UA - Site search (enti_99931267,1
www_gov_uk_26179049.www_gov_uk - direct do_UA-26179049-7.X_ ACC dimension test_102675033,1
www_gov_uk_26179049.YouTube link test - in_UA-26179049-10.All Web Site Data_106651833,1